day,L,M,S
0,1,49.8842,3.7949999999999998E-2
1,1,50.060099999999998,3.7850000000000002E-2
2,1,50.235900000000001,3.7749999999999999E-2
3,1,50.411799999999999,3.764E-2
4,1,50.587600000000002,3.7539999999999997E-2
5,1,50.763500000000001,3.7440000000000001E-2
6,1,50.939300000000003,3.7339999999999998E-2
7,1,51.115200000000002,3.7229999999999999E-2
8,1,51.290999999999997,3.7130000000000003E-2
9,1,51.466900000000003,3.703E-2
10,1,51.642699999999998,3.6929999999999998E-2
11,1,51.818600000000004,3.6819999999999999E-2
12,1,51.994399999999999,3.6720000000000003E-2
13,1,52.170200000000001,3.662E-2
14,1,52.3461,3.6519999999999997E-2
15,1,52.497799999999998,3.6450000000000003E-2
16,1,52.648800000000001,3.6389999999999999E-2
17,1,52.798999999999999,3.6330000000000001E-2
18,1,52.948300000000003,3.6269999999999997E-2
19,1,53.096699999999998,3.6209999999999999E-2
20,1,53.244100000000003,3.6150000000000002E-2
21,1,53.390500000000003,3.6089999999999997E-2
22,1,53.536000000000001,3.603E-2
23,1,53.680500000000002,3.5970000000000002E-2
24,1,53.823900000000002,3.5920000000000001E-2
25,1,53.9664,3.5860000000000003E-2
26,1,54.107900000000001,3.5810000000000002E-2
27,1,54.2485,3.5749999999999997E-2
28,1,54.388100000000001,3.5700000000000003E-2
29,1,54.526800000000001,3.5650000000000001E-2
30,1,54.664499999999997,3.5589999999999997E-2
31,1,54.801200000000001,3.5540000000000002E-2
32,1,54.936799999999998,3.5490000000000001E-2
33,1,55.071399999999997,3.5439999999999999E-2
34,1,55.204900000000002,3.5389999999999998E-2
35,1,55.337400000000002,3.5340000000000003E-2
36,1,55.468800000000002,3.5290000000000002E-2
37,1,55.599200000000003,3.524E-2
38,1,55.728499999999997,3.5200000000000002E-2
39,1,55.8568,3.5150000000000001E-2
40,1,55.984099999999998,3.5099999999999999E-2
41,1,56.110399999999998,3.5060000000000001E-2
42,1,56.235700000000001,3.5009999999999999E-2
43,1,56.359900000000003,3.4959999999999998E-2
44,1,56.4833,3.492E-2
45,1,56.605600000000003,3.4880000000000001E-2
46,1,56.726900000000001,3.483E-2
47,1,56.847200000000001,3.4790000000000001E-2
48,1,56.9666,3.4750000000000003E-2
49,1,57.085099999999997,3.4700000000000002E-2
50,1,57.202599999999997,3.4660000000000003E-2
51,1,57.319200000000002,3.4619999999999998E-2
52,1,57.434899999999999,3.458E-2
53,1,57.549700000000001,3.4540000000000001E-2
54,1,57.663699999999999,3.4500000000000003E-2
55,1,57.776699999999998,3.4459999999999998E-2
56,1,57.8889,3.4419999999999999E-2
57,1,58.000300000000003,3.4380000000000001E-2
58,1,58.110900000000001,3.4340000000000002E-2
59,1,58.220700000000001,3.431E-2
60,1,58.329900000000002,3.4270000000000002E-2
61,1,58.438400000000001,3.4229999999999997E-2
62,1,58.546300000000002,3.4200000000000001E-2
63,1,58.653599999999997,3.4160000000000003E-2
64,1,58.760300000000001,3.4119999999999998E-2
65,1,58.866399999999999,3.4090000000000002E-2
66,1,58.971800000000002,3.4049999999999997E-2
67,1,59.076599999999999,3.4020000000000002E-2
68,1,59.180799999999998,3.3980000000000003E-2
69,1,59.284300000000002,3.3950000000000001E-2
70,1,59.3872,3.3919999999999999E-2
71,1,59.489400000000003,3.388E-2
72,1,59.591000000000001,3.3849999999999998E-2
73,1,59.692,3.3820000000000003E-2
74,1,59.792299999999997,3.3790000000000001E-2
75,1,59.892000000000003,3.3750000000000002E-2
76,1,59.991,3.372E-2
77,1,60.089399999999998,3.3689999999999998E-2
78,1,60.187199999999997,3.3660000000000002E-2
79,1,60.284300000000002,3.363E-2
80,1,60.380800000000001,3.3599999999999998E-2
81,1,60.476700000000001,3.3570000000000003E-2
82,1,60.571899999999999,3.354E-2
83,1,60.666499999999999,3.3509999999999998E-2
84,1,60.7605,3.3480000000000003E-2
85,1,60.853900000000003,3.3450000000000001E-2
86,1,60.946599999999997,3.3419999999999998E-2
87,1,61.038800000000002,3.3399999999999999E-2
88,1,61.130299999999998,3.3369999999999997E-2
89,1,61.221200000000003,3.3340000000000002E-2
90,1,61.311500000000002,3.3309999999999999E-2
91,1,61.401299999999999,3.329E-2
92,1,61.490400000000001,3.3259999999999998E-2
93,1,61.579000000000001,3.3230000000000003E-2
94,1,61.667000000000002,3.3210000000000003E-2
95,1,61.754300000000001,3.3180000000000001E-2
96,1,61.841099999999997,3.3160000000000002E-2
97,1,61.927399999999999,3.313E-2
98,1,62.012999999999998,3.3110000000000001E-2
99,1,62.098100000000002,3.3079999999999998E-2
100,1,62.182600000000001,3.3059999999999999E-2
101,1,62.266500000000001,3.3029999999999997E-2
102,1,62.349899999999998,3.3009999999999998E-2
103,1,62.432699999999997,3.2980000000000002E-2
104,1,62.514899999999997,3.2960000000000003E-2
105,1,62.596600000000002,3.2939999999999997E-2
106,1,62.677799999999998,3.2910000000000002E-2
107,1,62.758400000000002,3.2890000000000003E-2
108,1,62.8384,3.2870000000000003E-2
109,1,62.917999999999999,3.2840000000000001E-2
110,1,62.996899999999997,3.2820000000000002E-2
111,1,63.075400000000002,3.2800000000000003E-2
112,1,63.153300000000002,3.2779999999999997E-2
113,1,63.230699999999999,3.2759999999999997E-2
114,1,63.307600000000001,3.2730000000000002E-2
115,1,63.383899999999997,3.2710000000000003E-2
116,1,63.459800000000001,3.2689999999999997E-2
117,1,63.5351,3.2669999999999998E-2
118,1,63.609900000000003,3.2649999999999998E-2
119,1,63.684199999999997,3.2629999999999999E-2
120,1,63.758000000000003,3.261E-2
121,1,63.831299999999999,3.2590000000000001E-2
122,1,63.9041,3.2570000000000002E-2
123,1,63.976500000000001,3.2550000000000003E-2
124,1,64.048299999999998,3.2530000000000003E-2
125,1,64.119699999999995,3.2509999999999997E-2
126,1,64.190600000000003,3.2489999999999998E-2
127,1,64.260999999999996,3.2469999999999999E-2
128,1,64.331000000000003,3.245E-2
129,1,64.400599999999997,3.243E-2
130,1,64.469700000000003,3.2410000000000001E-2
131,1,64.538300000000007,3.2390000000000002E-2
132,1,64.6066,3.2379999999999999E-2
133,1,64.674400000000006,3.236E-2
134,1,64.741799999999998,3.2340000000000001E-2
135,1,64.808800000000005,3.2320000000000002E-2
136,1,64.875500000000002,3.2300000000000002E-2
137,1,64.941699999999997,3.2289999999999999E-2
138,1,65.007499999999993,3.227E-2
139,1,65.072999999999993,3.2250000000000001E-2
140,1,65.138000000000005,3.2230000000000002E-2
141,1,65.202699999999993,3.2219999999999999E-2
142,1,65.267099999999999,3.2199999999999999E-2
143,1,65.331000000000003,3.218E-2
144,1,65.394599999999997,3.2169999999999997E-2
145,1,65.457899999999995,3.2149999999999998E-2
146,1,65.520799999999994,3.2140000000000002E-2
147,1,65.583399999999997,3.2120000000000003E-2
148,1,65.645600000000002,3.2099999999999997E-2
149,1,65.707499999999996,3.209E-2
150,1,65.769000000000005,3.2070000000000001E-2
151,1,65.830299999999994,3.2059999999999998E-2
152,1,65.891199999999998,3.2039999999999999E-2
153,1,65.951800000000006,3.2030000000000003E-2
154,1,66.012100000000004,3.2009999999999997E-2
155,1,66.072100000000006,3.2000000000000001E-2
156,1,66.131699999999995,3.1980000000000001E-2
157,1,66.191100000000006,3.1969999999999998E-2
158,1,66.250200000000007,3.1960000000000002E-2
159,1,66.308899999999994,3.1940000000000003E-2
160,1,66.367400000000004,3.193E-2
161,1,66.425600000000003,3.1910000000000001E-2
162,1,66.483500000000006,3.1899999999999998E-2
163,1,66.541200000000003,3.1890000000000002E-2
164,1,66.598500000000001,3.1870000000000002E-2
165,1,66.655600000000007,3.1859999999999999E-2
166,1,66.712500000000006,3.1850000000000003E-2
167,1,66.769099999999995,3.1829999999999997E-2
168,1,66.825400000000002,3.1820000000000001E-2
169,1,66.881500000000003,3.1809999999999998E-2
170,1,66.937299999999993,3.1800000000000002E-2
171,1,66.992999999999995,3.1789999999999999E-2
172,1,67.048299999999998,3.177E-2
173,1,67.103499999999997,3.1759999999999997E-2
174,1,67.1584,3.175E-2
175,1,67.213200000000001,3.1739999999999997E-2
176,1,67.267700000000005,3.1730000000000001E-2
177,1,67.321899999999999,3.1710000000000002E-2
178,1,67.376000000000005,3.1699999999999999E-2
179,1,67.429900000000004,3.1690000000000003E-2
180,1,67.483599999999996,3.168E-2
181,1,67.537099999999995,3.1669999999999997E-2
182,1,67.590400000000002,3.1660000000000001E-2
183,1,67.643500000000003,3.1649999999999998E-2
184,1,67.696399999999997,3.1640000000000001E-2
185,1,67.749099999999999,3.1629999999999998E-2
186,1,67.801699999999997,3.1620000000000002E-2
187,1,67.854100000000003,3.1609999999999999E-2
188,1,67.906199999999998,3.1600000000000003E-2
189,1,67.958299999999994,3.159E-2
190,1,68.010099999999994,3.1579999999999997E-2
191,1,68.061800000000005,3.1570000000000001E-2
192,1,68.113299999999995,3.1559999999999998E-2
193,1,68.164699999999996,3.1550000000000002E-2
194,1,68.215800000000002,3.1539999999999999E-2
195,1,68.266900000000007,3.1530000000000002E-2
196,1,68.317700000000002,3.1519999999999999E-2
197,1,68.368499999999997,3.1519999999999999E-2
198,1,68.418999999999997,3.1510000000000003E-2
199,1,68.469499999999996,3.15E-2
200,1,68.519800000000004,3.1489999999999997E-2
201,1,68.569900000000004,3.1480000000000001E-2
202,1,68.619900000000001,3.1469999999999998E-2
203,1,68.669799999999995,3.1469999999999998E-2
204,1,68.719499999999996,3.1460000000000002E-2
205,1,68.769099999999995,3.1449999999999999E-2
206,1,68.818600000000004,3.1440000000000003E-2
207,1,68.867900000000006,3.1440000000000003E-2
208,1,68.917100000000005,3.143E-2
209,1,68.966200000000001,3.1419999999999997E-2
210,1,69.015199999999993,3.141E-2
211,1,69.064099999999996,3.141E-2
212,1,69.112799999999993,3.1399999999999997E-2
213,1,69.161500000000004,3.1390000000000001E-2
214,1,69.209999999999994,3.1390000000000001E-2
215,1,69.258399999999995,3.1379999999999998E-2
216,1,69.306700000000006,3.1370000000000002E-2
217,1,69.354900000000001,3.1370000000000002E-2
218,1,69.403099999999995,3.1359999999999999E-2
219,1,69.451099999999997,3.1359999999999999E-2
220,1,69.498999999999995,3.1350000000000003E-2
221,1,69.546800000000005,3.134E-2
222,1,69.594499999999996,3.134E-2
223,1,69.642099999999999,3.1329999999999997E-2
224,1,69.689599999999999,3.1329999999999997E-2
225,1,69.736999999999995,3.1320000000000001E-2
226,1,69.784400000000005,3.1320000000000001E-2
227,1,69.831599999999995,3.1309999999999998E-2
228,1,69.878699999999995,3.1309999999999998E-2
229,1,69.925799999999995,3.1300000000000001E-2
230,1,69.972800000000007,3.1300000000000001E-2
231,1,70.0197,3.1289999999999998E-2
232,1,70.066500000000005,3.1289999999999998E-2
233,1,70.113200000000006,3.1280000000000002E-2
234,1,70.159899999999993,3.1280000000000002E-2
235,1,70.206400000000002,3.1269999999999999E-2
236,1,70.252899999999997,3.1269999999999999E-2
237,1,70.299400000000006,3.1260000000000003E-2
238,1,70.345699999999994,3.1260000000000003E-2
239,1,70.391999999999996,3.1260000000000003E-2
240,1,70.438199999999995,3.125E-2
241,1,70.484300000000005,3.125E-2
242,1,70.5304,3.125E-2
243,1,70.576400000000007,3.124E-2
244,1,70.622399999999999,3.124E-2
245,1,70.668300000000002,3.1230000000000001E-2
246,1,70.714100000000002,3.1230000000000001E-2
247,1,70.759799999999998,3.1230000000000001E-2
248,1,70.805499999999995,3.1220000000000001E-2
249,1,70.851100000000002,3.1220000000000001E-2
250,1,70.896699999999996,3.1220000000000001E-2
251,1,70.9422,3.1220000000000001E-2
252,1,70.9876,3.1210000000000002E-2
253,1,71.033000000000001,3.1210000000000002E-2
254,1,71.078299999999999,3.1210000000000002E-2
255,1,71.123500000000007,3.1210000000000002E-2
256,1,71.168700000000001,3.1199999999999999E-2
257,1,71.213800000000006,3.1199999999999999E-2
258,1,71.258899999999997,3.1199999999999999E-2
259,1,71.303899999999999,3.1199999999999999E-2
260,1,71.348799999999997,3.1189999999999999E-2
261,1,71.393699999999995,3.1189999999999999E-2
262,1,71.438500000000005,3.1189999999999999E-2
263,1,71.483199999999997,3.1189999999999999E-2
264,1,71.527900000000002,3.1189999999999999E-2
265,1,71.572500000000005,3.1179999999999999E-2
266,1,71.617099999999994,3.1179999999999999E-2
267,1,71.661600000000007,3.1179999999999999E-2
268,1,71.706000000000003,3.1179999999999999E-2
269,1,71.750399999999999,3.1179999999999999E-2
270,1,71.794700000000006,3.1179999999999999E-2
271,1,71.838999999999999,3.1179999999999999E-2
272,1,71.883200000000002,3.1179999999999999E-2
273,1,71.927300000000002,3.117E-2
274,1,71.971400000000003,3.117E-2
275,1,72.0154,3.117E-2
276,1,72.059399999999997,3.117E-2
277,1,72.103300000000004,3.117E-2
278,1,72.147199999999998,3.117E-2
279,1,72.190899999999999,3.117E-2
280,1,72.234700000000004,3.117E-2
281,1,72.278300000000002,3.117E-2
282,1,72.321899999999999,3.117E-2
283,1,72.365499999999997,3.117E-2
284,1,72.408900000000003,3.117E-2
285,1,72.452299999999994,3.117E-2
286,1,72.495699999999999,3.117E-2
287,1,72.539000000000001,3.117E-2
288,1,72.5822,3.117E-2
289,1,72.625299999999996,3.117E-2
290,1,72.668400000000005,3.117E-2
291,1,72.711500000000001,3.117E-2
292,1,72.754400000000004,3.117E-2
293,1,72.797399999999996,3.117E-2
294,1,72.840199999999996,3.117E-2
295,1,72.882999999999996,3.117E-2
296,1,72.925700000000006,3.117E-2
297,1,72.968400000000003,3.117E-2
298,1,73.010999999999996,3.117E-2
299,1,73.0535,3.1179999999999999E-2
300,1,73.096000000000004,3.1179999999999999E-2
301,1,73.138400000000004,3.1179999999999999E-2
302,1,73.180800000000005,3.1179999999999999E-2
303,1,73.223100000000002,3.1179999999999999E-2
304,1,73.265299999999996,3.1179999999999999E-2
305,1,73.307500000000005,3.1179999999999999E-2
306,1,73.349699999999999,3.1179999999999999E-2
307,1,73.3917,3.1189999999999999E-2
308,1,73.433700000000002,3.1189999999999999E-2
309,1,73.475700000000003,3.1189999999999999E-2
310,1,73.517600000000002,3.1189999999999999E-2
311,1,73.559399999999997,3.1189999999999999E-2
312,1,73.601200000000006,3.1189999999999999E-2
313,1,73.642899999999997,3.1199999999999999E-2
314,1,73.6845,3.1199999999999999E-2
315,1,73.726100000000002,3.1199999999999999E-2
316,1,73.767700000000005,3.1199999999999999E-2
317,1,73.809100000000001,3.1199999999999999E-2
318,1,73.8506,3.1210000000000002E-2
319,1,73.891900000000007,3.1210000000000002E-2
320,1,73.933300000000003,3.1210000000000002E-2
321,1,73.974500000000006,3.1210000000000002E-2
322,1,74.015699999999995,3.1220000000000001E-2
323,1,74.056899999999999,3.1220000000000001E-2
324,1,74.097899999999996,3.1220000000000001E-2
325,1,74.138999999999996,3.1220000000000001E-2
326,1,74.180000000000007,3.1230000000000001E-2
327,1,74.2209,3.1230000000000001E-2
328,1,74.261799999999994,3.1230000000000001E-2
329,1,74.302599999999998,3.124E-2
330,1,74.343299999999999,3.124E-2
331,1,74.384100000000004,3.124E-2
332,1,74.424700000000001,3.124E-2
333,1,74.465299999999999,3.125E-2
334,1,74.505899999999997,3.125E-2
335,1,74.546400000000006,3.125E-2
336,1,74.586799999999997,3.1260000000000003E-2
337,1,74.627200000000002,3.1260000000000003E-2
338,1,74.667599999999993,3.1260000000000003E-2
339,1,74.707899999999995,3.1269999999999999E-2
340,1,74.748099999999994,3.1269999999999999E-2
341,1,74.788300000000007,3.1269999999999999E-2
342,1,74.828500000000005,3.1280000000000002E-2
343,1,74.868600000000001,3.1280000000000002E-2
344,1,74.908600000000007,3.1280000000000002E-2
345,1,74.948599999999999,3.1289999999999998E-2
346,1,74.988600000000005,3.1289999999999998E-2
347,1,75.028499999999994,3.1300000000000001E-2
348,1,75.068299999999994,3.1300000000000001E-2
349,1,75.108099999999993,3.1300000000000001E-2
350,1,75.147900000000007,3.1309999999999998E-2
351,1,75.187600000000003,3.1309999999999998E-2
352,1,75.2273,3.1320000000000001E-2
353,1,75.266900000000007,3.1320000000000001E-2
354,1,75.3065,3.1320000000000001E-2
355,1,75.346000000000004,3.1329999999999997E-2
356,1,75.385499999999993,3.1329999999999997E-2
357,1,75.424999999999997,3.134E-2
358,1,75.464399999999998,3.134E-2
359,1,75.503699999999995,3.1350000000000003E-2
360,1,75.543099999999995,3.1350000000000003E-2
361,1,75.582400000000007,3.1359999999999999E-2
362,1,75.621600000000001,3.1359999999999999E-2
363,1,75.660799999999995,3.1359999999999999E-2
364,1,75.6999,3.1370000000000002E-2
365,1,75.739099999999993,3.1370000000000002E-2
366,1,75.778099999999995,3.1379999999999998E-2
367,1,75.8172,3.1379999999999998E-2
368,1,75.856200000000001,3.1390000000000001E-2
369,1,75.895099999999999,3.1390000000000001E-2
370,1,75.933999999999997,3.1399999999999997E-2
371,1,75.972899999999996,3.1399999999999997E-2
372,1,76.011700000000005,3.141E-2
373,1,76.0505,3.141E-2
374,1,76.089200000000005,3.1419999999999997E-2
375,1,76.127899999999997,3.1419999999999997E-2
376,1,76.166499999999999,3.143E-2
377,1,76.205100000000002,3.143E-2
378,1,76.243700000000004,3.1440000000000003E-2
379,1,76.282200000000003,3.1440000000000003E-2
380,1,76.320700000000002,3.1449999999999999E-2
381,1,76.359099999999998,3.1460000000000002E-2
382,1,76.397499999999994,3.1460000000000002E-2
383,1,76.4358,3.1469999999999998E-2
384,1,76.474100000000007,3.1469999999999998E-2
385,1,76.5124,3.1480000000000001E-2
386,1,76.550600000000003,3.1480000000000001E-2
387,1,76.588800000000006,3.1489999999999997E-2
388,1,76.626900000000006,3.1489999999999997E-2
389,1,76.665000000000006,3.15E-2
390,1,76.703000000000003,3.1510000000000003E-2
391,1,76.741,3.1510000000000003E-2
392,1,76.778999999999996,3.1519999999999999E-2
393,1,76.816900000000004,3.1519999999999999E-2
394,1,76.854799999999997,3.1530000000000002E-2
395,1,76.892600000000002,3.1539999999999999E-2
396,1,76.930400000000006,3.1539999999999999E-2
397,1,76.968199999999996,3.1550000000000002E-2
398,1,77.005899999999997,3.1550000000000002E-2
399,1,77.043499999999995,3.1559999999999998E-2
400,1,77.081199999999995,3.1570000000000001E-2
401,1,77.118700000000004,3.1570000000000001E-2
402,1,77.156300000000002,3.1579999999999997E-2
403,1,77.193799999999996,3.159E-2
404,1,77.231300000000005,3.159E-2
405,1,77.268699999999995,3.1600000000000003E-2
406,1,77.305999999999997,3.1600000000000003E-2
407,1,77.343400000000003,3.1609999999999999E-2
408,1,77.380700000000004,3.1620000000000002E-2
409,1,77.417900000000003,3.1620000000000002E-2
410,1,77.455100000000002,3.1629999999999998E-2
411,1,77.4923,3.1640000000000001E-2
412,1,77.529499999999999,3.1640000000000001E-2
413,1,77.566500000000005,3.1649999999999998E-2
414,1,77.6036,3.1660000000000001E-2
415,1,77.640600000000006,3.1660000000000001E-2
416,1,77.677599999999998,3.1669999999999997E-2
417,1,77.714500000000001,3.168E-2
418,1,77.751400000000004,3.168E-2
419,1,77.788300000000007,3.1690000000000003E-2
420,1,77.825100000000006,3.1699999999999999E-2
421,1,77.861800000000002,3.1699999999999999E-2
422,1,77.898600000000002,3.1710000000000002E-2
423,1,77.935299999999998,3.1719999999999998E-2
424,1,77.971900000000005,3.1719999999999998E-2
425,1,78.008499999999998,3.1730000000000001E-2
426,1,78.045100000000005,3.1739999999999997E-2
427,1,78.081699999999998,3.175E-2
428,1,78.118200000000002,3.175E-2
429,1,78.154600000000002,3.1759999999999997E-2
430,1,78.191100000000006,3.177E-2
431,1,78.227500000000006,3.177E-2
432,1,78.263800000000003,3.1780000000000003E-2
433,1,78.3001,3.1789999999999999E-2
434,1,78.336399999999998,3.1800000000000002E-2
435,1,78.372699999999995,3.1800000000000002E-2
436,1,78.408900000000003,3.1809999999999998E-2
437,1,78.445099999999996,3.1820000000000001E-2
438,1,78.481200000000001,3.1829999999999997E-2
439,1,78.517300000000006,3.1829999999999997E-2
440,1,78.553399999999996,3.184E-2
441,1,78.589399999999998,3.1850000000000003E-2
442,1,78.625399999999999,3.1859999999999999E-2
443,1,78.6614,3.1859999999999999E-2
444,1,78.697299999999998,3.1870000000000002E-2
445,1,78.733199999999997,3.1879999999999999E-2
446,1,78.769099999999995,3.1890000000000002E-2
447,1,78.804900000000004,3.1890000000000002E-2
448,1,78.840699999999998,3.1899999999999998E-2
449,1,78.876400000000004,3.1910000000000001E-2
450,1,78.912199999999999,3.1919999999999997E-2
451,1,78.947900000000004,3.1919999999999997E-2
452,1,78.983500000000006,3.193E-2
453,1,79.019099999999995,3.1940000000000003E-2
454,1,79.054699999999997,3.1949999999999999E-2
455,1,79.090299999999999,3.1960000000000002E-2
456,1,79.125799999999998,3.1960000000000002E-2
457,1,79.161299999999997,3.1969999999999998E-2
458,1,79.196799999999996,3.1980000000000001E-2
459,1,79.232200000000006,3.1989999999999998E-2
460,1,79.267600000000002,3.2000000000000001E-2
461,1,79.302999999999997,3.2000000000000001E-2
462,1,79.338300000000004,3.2009999999999997E-2
463,1,79.373599999999996,3.202E-2
464,1,79.408900000000003,3.2030000000000003E-2
465,1,79.444100000000006,3.2039999999999999E-2
466,1,79.479299999999995,3.2039999999999999E-2
467,1,79.514499999999998,3.2050000000000002E-2
468,1,79.549599999999998,3.2059999999999998E-2
469,1,79.584699999999998,3.2070000000000001E-2
470,1,79.619799999999998,3.2079999999999997E-2
471,1,79.654799999999994,3.209E-2
472,1,79.689800000000005,3.209E-2
473,1,79.724800000000002,3.2099999999999997E-2
474,1,79.759799999999998,3.211E-2
475,1,79.794700000000006,3.2120000000000003E-2
476,1,79.829599999999999,3.2129999999999999E-2
477,1,79.864400000000003,3.2140000000000002E-2
478,1,79.899299999999997,3.2140000000000002E-2
479,1,79.934100000000001,3.2149999999999998E-2
480,1,79.968800000000002,3.2160000000000001E-2
481,1,80.003600000000006,3.2169999999999997E-2
482,1,80.038300000000007,3.218E-2
483,1,80.072900000000004,3.2190000000000003E-2
484,1,80.107600000000005,3.2199999999999999E-2
485,1,80.142200000000003,3.2199999999999999E-2
486,1,80.1768,3.2210000000000003E-2
487,1,80.211299999999994,3.2219999999999999E-2
488,1,80.245900000000006,3.2230000000000002E-2
489,1,80.2804,3.2239999999999998E-2
490,1,80.314800000000005,3.2250000000000001E-2
491,1,80.349299999999999,3.2259999999999997E-2
492,1,80.383700000000005,3.2259999999999997E-2
493,1,80.418099999999995,3.227E-2
494,1,80.452399999999997,3.2280000000000003E-2
495,1,80.486699999999999,3.2289999999999999E-2
496,1,80.521000000000001,3.2300000000000002E-2
497,1,80.555300000000003,3.2309999999999998E-2
498,1,80.589500000000001,3.2320000000000002E-2
499,1,80.623699999999999,3.2329999999999998E-2
500,1,80.657799999999995,3.2340000000000001E-2
501,1,80.691999999999993,3.2340000000000001E-2
502,1,80.726100000000002,3.2349999999999997E-2
503,1,80.760199999999998,3.236E-2
504,1,80.794200000000004,3.2370000000000003E-2
505,1,80.828199999999995,3.2379999999999999E-2
506,1,80.862200000000001,3.2390000000000002E-2
507,1,80.896100000000004,3.2399999999999998E-2
508,1,80.930099999999996,3.2410000000000001E-2
509,1,80.963999999999999,3.2419999999999997E-2
510,1,80.997799999999998,3.243E-2
511,1,81.031700000000001,3.2439999999999997E-2
512,1,81.0655,3.245E-2
513,1,81.099199999999996,3.245E-2
514,1,81.132999999999996,3.2460000000000003E-2
515,1,81.166700000000006,3.2469999999999999E-2
516,1,81.200400000000002,3.2480000000000002E-2
517,1,81.233999999999995,3.2489999999999998E-2
518,1,81.267700000000005,3.2500000000000001E-2
519,1,81.301299999999998,3.2509999999999997E-2
520,1,81.334800000000001,3.252E-2
521,1,81.368399999999994,3.2530000000000003E-2
522,1,81.401899999999998,3.2539999999999999E-2
523,1,81.435299999999998,3.2550000000000003E-2
524,1,81.468800000000002,3.2559999999999999E-2
525,1,81.502200000000002,3.2570000000000002E-2
526,1,81.535600000000002,3.2579999999999998E-2
527,1,81.569000000000003,3.2590000000000001E-2
528,1,81.6023,3.2599999999999997E-2
529,1,81.635599999999997,3.261E-2
530,1,81.668899999999994,3.261E-2
531,1,81.702100000000002,3.2620000000000003E-2
532,1,81.735299999999995,3.2629999999999999E-2
533,1,81.768500000000003,3.2640000000000002E-2
534,1,81.801699999999997,3.2649999999999998E-2
535,1,81.834800000000001,3.2660000000000002E-2
536,1,81.867900000000006,3.2669999999999998E-2
537,1,81.900899999999993,3.2680000000000001E-2
538,1,81.933999999999997,3.2689999999999997E-2
539,1,81.966999999999999,3.27E-2
540,1,82,3.2710000000000003E-2
541,1,82.032899999999998,3.2719999999999999E-2
542,1,82.065899999999999,3.2730000000000002E-2
543,1,82.098699999999994,3.2739999999999998E-2
544,1,82.131600000000006,3.2750000000000001E-2
545,1,82.164400000000001,3.2759999999999997E-2
546,1,82.197299999999998,3.2770000000000001E-2
547,1,82.23,3.2779999999999997E-2
548,1,82.262799999999999,3.279E-2
549,1,82.295500000000004,3.2800000000000003E-2
550,1,82.328199999999995,3.2809999999999999E-2
551,1,82.360900000000001,3.2820000000000002E-2
552,1,82.393500000000003,3.2829999999999998E-2
553,1,82.426100000000005,3.2840000000000001E-2
554,1,82.458699999999993,3.2849999999999997E-2
555,1,82.491200000000006,3.286E-2
556,1,82.523700000000005,3.2870000000000003E-2
557,1,82.556200000000004,3.288E-2
558,1,82.588700000000003,3.2890000000000003E-2
559,1,82.621099999999998,3.2899999999999999E-2
560,1,82.653499999999994,3.2910000000000002E-2
561,1,82.685900000000004,3.2919999999999998E-2
562,1,82.718199999999996,3.2930000000000001E-2
563,1,82.750500000000002,3.2939999999999997E-2
564,1,82.782799999999995,3.295E-2
565,1,82.815100000000001,3.2960000000000003E-2
566,1,82.847300000000004,3.2969999999999999E-2
567,1,82.879499999999993,3.2980000000000002E-2
568,1,82.911699999999996,3.2989999999999998E-2
569,1,82.943799999999996,3.3000000000000002E-2
570,1,82.975899999999996,3.3009999999999998E-2
571,1,83.007999999999996,3.3020000000000001E-2
572,1,83.04,3.3029999999999997E-2
573,1,83.072100000000006,3.304E-2
574,1,83.104100000000003,3.3050000000000003E-2
575,1,83.135999999999996,3.3059999999999999E-2
576,1,83.168000000000006,3.3079999999999998E-2
577,1,83.1999,3.3090000000000001E-2
578,1,83.231800000000007,3.3099999999999997E-2
579,1,83.2637,3.3110000000000001E-2
580,1,83.295500000000004,3.3119999999999997E-2
581,1,83.327299999999994,3.313E-2
582,1,83.359099999999998,3.3140000000000003E-2
583,1,83.390799999999999,3.3149999999999999E-2
584,1,83.422600000000003,3.3160000000000002E-2
585,1,83.454300000000003,3.3169999999999998E-2
586,1,83.485900000000001,3.3180000000000001E-2
587,1,83.517600000000002,3.3189999999999997E-2
588,1,83.549199999999999,3.32E-2
589,1,83.580799999999996,3.3210000000000003E-2
590,1,83.612399999999994,3.322E-2
591,1,83.643900000000002,3.3230000000000003E-2
592,1,83.675399999999996,3.3239999999999999E-2
593,1,83.706900000000005,3.3250000000000002E-2
594,1,83.738399999999999,3.3259999999999998E-2
595,1,83.769800000000004,3.3270000000000001E-2
596,1,83.801199999999994,3.329E-2
597,1,83.832599999999999,3.3300000000000003E-2
598,1,83.864000000000004,3.3309999999999999E-2
599,1,83.895300000000006,3.3320000000000002E-2
600,1,83.926699999999997,3.3329999999999999E-2
601,1,83.957899999999995,3.3340000000000002E-2
602,1,83.989199999999997,3.3349999999999998E-2
603,1,84.020499999999998,3.3360000000000001E-2
604,1,84.051699999999997,3.3369999999999997E-2
605,1,84.082899999999995,3.338E-2
606,1,84.114000000000004,3.3390000000000003E-2
607,1,84.145200000000003,3.3399999999999999E-2
608,1,84.176299999999998,3.3410000000000002E-2
609,1,84.207400000000007,3.3419999999999998E-2
610,1,84.238500000000002,3.3439999999999998E-2
611,1,84.269499999999994,3.3450000000000001E-2
612,1,84.300600000000003,3.3459999999999997E-2
613,1,84.331599999999995,3.347E-2
614,1,84.3626,3.3480000000000003E-2
615,1,84.393500000000003,3.3489999999999999E-2
616,1,84.424499999999995,3.3500000000000002E-2
617,1,84.455399999999997,3.3509999999999998E-2
618,1,84.486199999999997,3.3520000000000001E-2
619,1,84.517099999999999,3.3529999999999997E-2
620,1,84.547899999999998,3.354E-2
621,1,84.578699999999998,3.356E-2
622,1,84.609499999999997,3.3570000000000003E-2
623,1,84.640299999999996,3.3579999999999999E-2
624,1,84.671000000000006,3.3590000000000002E-2
625,1,84.701700000000002,3.3599999999999998E-2
626,1,84.732399999999998,3.3610000000000001E-2
627,1,84.763099999999994,3.3619999999999997E-2
628,1,84.793700000000001,3.363E-2
629,1,84.824299999999994,3.3640000000000003E-2
630,1,84.854900000000001,3.3649999999999999E-2
631,1,84.885499999999993,3.3669999999999999E-2
632,1,84.915999999999997,3.3680000000000002E-2
633,1,84.9465,3.3689999999999998E-2
634,1,84.977000000000004,3.3700000000000001E-2
635,1,85.007499999999993,3.3709999999999997E-2
636,1,85.037899999999993,3.372E-2
637,1,85.068299999999994,3.3730000000000003E-2
638,1,85.098699999999994,3.3739999999999999E-2
639,1,85.129099999999994,3.3750000000000002E-2
640,1,85.159400000000005,3.3770000000000001E-2
641,1,85.189700000000002,3.3779999999999998E-2
642,1,85.22,3.3790000000000001E-2
643,1,85.250299999999996,3.3799999999999997E-2
644,1,85.280500000000004,3.381E-2
645,1,85.3108,3.3820000000000003E-2
646,1,85.340999999999994,3.3829999999999999E-2
647,1,85.371099999999998,3.3840000000000002E-2
648,1,85.401300000000006,3.3849999999999998E-2
649,1,85.431399999999996,3.3869999999999997E-2
650,1,85.461500000000001,3.388E-2
651,1,85.491600000000005,3.3890000000000003E-2
652,1,85.521699999999996,3.39E-2
653,1,85.551699999999997,3.3910000000000003E-2
654,1,85.581699999999998,3.3919999999999999E-2
655,1,85.611699999999999,3.3930000000000002E-2
656,1,85.6417,3.3939999999999998E-2
657,1,85.671599999999998,3.3959999999999997E-2
658,1,85.701499999999996,3.397E-2
659,1,85.731399999999994,3.3980000000000003E-2
660,1,85.761300000000006,3.3989999999999999E-2
661,1,85.791200000000003,3.4000000000000002E-2
662,1,85.820999999999998,3.4009999999999999E-2
663,1,85.850800000000007,3.4020000000000002E-2
664,1,85.880600000000001,3.4040000000000001E-2
665,1,85.910399999999996,3.4049999999999997E-2
666,1,85.940100000000001,3.406E-2
667,1,85.969800000000006,3.4070000000000003E-2
668,1,85.999499999999998,3.4079999999999999E-2
669,1,86.029200000000003,3.4090000000000002E-2
670,1,86.058899999999994,3.4099999999999998E-2
671,1,86.088499999999996,3.4110000000000001E-2
672,1,86.118099999999998,3.4130000000000001E-2
673,1,86.1477,3.4139999999999997E-2
674,1,86.177300000000002,3.415E-2
675,1,86.206800000000001,3.4160000000000003E-2
676,1,86.2363,3.4169999999999999E-2
677,1,86.265900000000002,3.4180000000000002E-2
678,1,86.295400000000001,3.4189999999999998E-2
679,1,86.324799999999996,3.4209999999999997E-2
680,1,86.354299999999995,3.422E-2
681,1,86.383700000000005,3.4229999999999997E-2
682,1,86.4131,3.424E-2
683,1,86.442499999999995,3.4250000000000003E-2
684,1,86.471900000000005,3.4259999999999999E-2
685,1,86.501199999999997,3.4270000000000002E-2
686,1,86.530600000000007,3.4290000000000001E-2
687,1,86.559899999999999,3.4299999999999997E-2
688,1,86.589200000000005,3.431E-2
689,1,86.618399999999994,3.4320000000000003E-2
690,1,86.6477,3.4329999999999999E-2
691,1,86.676900000000003,3.4340000000000002E-2
692,1,86.706100000000006,3.4349999999999999E-2
693,1,86.735299999999995,3.4369999999999998E-2
694,1,86.764499999999998,3.4380000000000001E-2
695,1,86.793700000000001,3.4389999999999997E-2
696,1,86.822800000000001,3.44E-2
697,1,86.851900000000001,3.4410000000000003E-2
698,1,86.881,3.4419999999999999E-2
699,1,86.9101,3.4430000000000002E-2
700,1,86.9392,3.4450000000000001E-2
701,1,86.968199999999996,3.4459999999999998E-2
702,1,86.997200000000007,3.4470000000000001E-2
703,1,87.026200000000003,3.4479999999999997E-2
704,1,87.055199999999999,3.449E-2
705,1,87.084199999999996,3.4500000000000003E-2
706,1,87.113100000000003,3.4509999999999999E-2
707,1,87.141999999999996,3.4529999999999998E-2
708,1,87.170900000000003,3.4540000000000001E-2
709,1,87.199799999999996,3.4549999999999997E-2
710,1,87.228700000000003,3.456E-2
711,1,87.257499999999993,3.4569999999999997E-2
712,1,87.286299999999997,3.458E-2
713,1,87.315100000000001,3.4590000000000003E-2
714,1,87.343900000000005,3.4610000000000002E-2
715,1,87.372699999999995,3.4619999999999998E-2
716,1,87.401399999999995,3.4630000000000001E-2
717,1,87.430199999999999,3.4639999999999997E-2
718,1,87.4589,3.465E-2
719,1,87.4876,3.4660000000000003E-2
720,1,87.516199999999998,3.4669999999999999E-2
721,1,87.544899999999998,3.4689999999999999E-2
722,1,87.573499999999996,3.4700000000000002E-2
723,1,87.602099999999993,3.4709999999999998E-2
724,1,87.630700000000004,3.4720000000000001E-2
725,1,87.659300000000002,3.4729999999999997E-2
726,1,87.687799999999996,3.474E-2
727,1,87.716399999999993,3.4750000000000003E-2
728,1,87.744900000000001,3.4770000000000002E-2
729,1,87.773399999999995,3.4779999999999998E-2
730,1,87.8018,3.4790000000000001E-2
