length_cm,L,M,S
45,-0.35210000000000002,2.4409999999999998,9.1819999999999999E-2
45.1,-0.35210000000000002,2.4577,9.1759999999999994E-2
45.2,-0.35210000000000002,2.4744000000000002,9.1700000000000004E-2
45.3,-0.35210000000000002,2.4910999999999999,9.1639999999999999E-2
45.4,-0.35210000000000002,2.5078,9.1590000000000005E-2
45.5,-0.35210000000000002,2.5244,9.153E-2
45.6,-0.35210000000000002,2.5411000000000001,9.1469999999999996E-2
45.7,-0.35210000000000002,2.5577999999999999,9.1410000000000005E-2
45.8,-0.35210000000000002,2.5743999999999998,9.1350000000000001E-2
45.9,-0.35210000000000002,2.5911,9.1289999999999996E-2
46,-0.35210000000000002,2.6076999999999999,9.1240000000000002E-2
46.1,-0.35210000000000002,2.6244000000000001,9.1179999999999997E-2
46.2,-0.35210000000000002,2.6410999999999998,9.1120000000000007E-2
46.3,-0.35210000000000002,2.6577999999999999,9.1060000000000002E-2
46.4,-0.35210000000000002,2.6745000000000001,9.0999999999999998E-2
46.5,-0.35210000000000002,2.6913,9.0939999999999993E-2
46.6,-0.35210000000000002,2.7081,9.0880000000000002E-2
46.7,-0.35210000000000002,2.7248999999999999,9.0829999999999994E-2
46.8,-0.35210000000000002,2.7416999999999998,9.0770000000000003E-2
46.9,-0.35210000000000002,2.7585999999999999,9.0709999999999999E-2
47,-0.35210000000000002,2.7755000000000001,9.0649999999999994E-2
47.1,-0.35210000000000002,2.7925,9.0590000000000004E-2
47.2,-0.35210000000000002,2.8094999999999999,9.0529999999999999E-2
47.3,-0.35210000000000002,2.8266,9.0469999999999995E-2
47.4,-0.35210000000000002,2.8437000000000001,9.042E-2
47.5,-0.35210000000000002,2.8609,9.0359999999999996E-2
47.6,-0.35210000000000002,2.8782000000000001,9.0300000000000005E-2
47.7,-0.35210000000000002,2.8955000000000002,9.0240000000000001E-2
47.8,-0.35210000000000002,2.9129,9.0179999999999996E-2
47.9,-0.35210000000000002,2.9304000000000001,9.0120000000000006E-2
48,-0.35210000000000002,2.948,9.0069999999999997E-2
48.1,-0.35210000000000002,2.9657,9.0010000000000007E-2
48.2,-0.35210000000000002,2.9834999999999998,8.9950000000000002E-2
48.3,-0.35210000000000002,3.0013999999999998,8.9889999999999998E-2
48.4,-0.35210000000000002,3.0194999999999999,8.9829999999999993E-2
48.5,-0.35210000000000002,3.0377000000000001,8.9770000000000003E-2
48.6,-0.35210000000000002,3.056,8.9719999999999994E-2
48.7,-0.35210000000000002,3.0745,8.9660000000000004E-2
48.8,-0.35210000000000002,3.0931000000000002,8.9599999999999999E-2
48.9,-0.35210000000000002,3.1118999999999999,8.9539999999999995E-2
49,-0.35210000000000002,3.1307999999999998,8.9480000000000004E-2
49.1,-0.35210000000000002,3.1499000000000001,8.9429999999999996E-2
49.2,-0.35210000000000002,3.1690999999999998,8.9370000000000005E-2
49.3,-0.35210000000000002,3.1884000000000001,8.931E-2
49.4,-0.35210000000000002,3.2079,8.9249999999999996E-2
49.5,-0.35210000000000002,3.2275999999999998,8.9190000000000005E-2
49.6,-0.35210000000000002,3.2473000000000001,8.9130000000000001E-2
49.7,-0.35210000000000002,3.2671999999999999,8.9080000000000006E-2
49.8,-0.35210000000000002,3.2873000000000001,8.9020000000000002E-2
49.9,-0.35210000000000002,3.3075000000000001,8.8959999999999997E-2
50,-0.35210000000000002,3.3277999999999999,8.8900000000000007E-2
50.1,-0.35210000000000002,3.3481999999999998,8.8840000000000002E-2
50.2,-0.35210000000000002,3.3687999999999998,8.8779999999999998E-2
50.3,-0.35210000000000002,3.3894000000000002,8.8719999999999993E-2
50.4,-0.35210000000000002,3.4102000000000001,8.8669999999999999E-2
50.5,-0.35210000000000002,3.4310999999999998,8.8609999999999994E-2
50.6,-0.35210000000000002,3.4521999999999999,8.8550000000000004E-2
50.7,-0.35210000000000002,3.4733000000000001,8.8489999999999999E-2
50.8,-0.35210000000000002,3.4946000000000002,8.8429999999999995E-2
50.9,-0.35210000000000002,3.5160999999999998,8.8370000000000004E-2
51,-0.35210000000000002,3.5375999999999999,8.831E-2
51.1,-0.35210000000000002,3.5592999999999999,8.8249999999999995E-2
51.2,-0.35210000000000002,3.5811999999999999,8.8190000000000004E-2
51.3,-0.35210000000000002,3.6032000000000002,8.813E-2
51.4,-0.35210000000000002,3.6254,8.8069999999999996E-2
51.5,-0.35210000000000002,3.6476999999999999,8.8010000000000005E-2
51.6,-0.35210000000000002,3.6701999999999999,8.795E-2
51.7,-0.35210000000000002,3.6928999999999998,8.7889999999999996E-2
51.8,-0.35210000000000002,3.7157,8.7830000000000005E-2
51.9,-0.35210000000000002,3.7387999999999999,8.7770000000000001E-2
52,-0.35210000000000002,3.762,8.7709999999999996E-2
52.1,-0.35210000000000002,3.7854999999999999,8.7650000000000006E-2
52.2,-0.35210000000000002,3.8092000000000001,8.7590000000000001E-2
52.3,-0.35210000000000002,3.8330000000000002,8.7529999999999997E-2
52.4,-0.35210000000000002,3.8571,8.7470000000000006E-2
52.5,-0.35210000000000002,3.8814000000000002,8.7410000000000002E-2
52.6,-0.35210000000000002,3.9058999999999999,8.7349999999999997E-2
52.7,-0.35210000000000002,3.9306000000000001,8.7290000000000006E-2
52.8,-0.35210000000000002,3.9554999999999998,8.7230000000000002E-2
52.9,-0.35210000000000002,3.9805999999999999,8.7169999999999997E-2
53,-0.35210000000000002,4.0060000000000002,8.7110000000000007E-2
53.1,-0.35210000000000002,4.0315000000000003,8.7050000000000002E-2
53.2,-0.35210000000000002,4.0571999999999999,8.6989999999999998E-2
53.3,-0.35210000000000002,4.0831,8.6929999999999993E-2
53.4,-0.35210000000000002,4.1092000000000004,8.6870000000000003E-2
53.5,-0.35210000000000002,4.1353999999999997,8.6809999999999998E-2
53.6,-0.35210000000000002,4.1619000000000002,8.6749999999999994E-2
53.7,-0.35210000000000002,4.1885000000000003,8.6690000000000003E-2
53.8,-0.35210000000000002,4.2153,8.6629999999999999E-2
53.9,-0.35210000000000002,4.2422000000000004,8.6569999999999994E-2
54,-0.35210000000000002,4.2693000000000003,8.6510000000000004E-2
54.1,-0.35210000000000002,4.2965,8.6449999999999999E-2
54.2,-0.35210000000000002,4.3239000000000001,8.6389999999999995E-2
54.3,-0.35210000000000002,4.3513000000000002,8.6330000000000004E-2
54.4,-0.35210000000000002,4.3788999999999998,8.6269999999999999E-2
54.5,-0.35210000000000002,4.4066000000000001,8.6209999999999995E-2
54.6,-0.35210000000000002,4.4344000000000001,8.6150000000000004E-2
54.7,-0.35210000000000002,4.4622999999999999,8.6099999999999996E-2
54.8,-0.35210000000000002,4.4903000000000004,8.6040000000000005E-2
54.9,-0.35210000000000002,4.5185000000000004,8.5980000000000001E-2
55,-0.35210000000000002,4.5467000000000004,8.5919999999999996E-2
55.1,-0.35210000000000002,4.5750000000000002,8.5860000000000006E-2
55.2,-0.35210000000000002,4.6033999999999997,8.5800000000000001E-2
55.3,-0.35210000000000002,4.6318999999999999,8.5750000000000007E-2
55.4,-0.35210000000000002,4.6604999999999999,8.5690000000000002E-2
55.5,-0.35210000000000002,4.6891999999999996,8.5629999999999998E-2
55.6,-0.35210000000000002,4.718,8.5580000000000003E-2
55.7,-0.35210000000000002,4.7469000000000001,8.5519999999999999E-2
55.8,-0.35210000000000002,4.7758000000000003,8.5459999999999994E-2
55.9,-0.35210000000000002,4.8048000000000002,8.541E-2
56,-0.35210000000000002,4.8338000000000001,8.5349999999999995E-2
56.1,-0.35210000000000002,4.8628999999999998,8.5290000000000005E-2
56.2,-0.35210000000000002,4.8920000000000003,8.5239999999999996E-2
56.3,-0.35210000000000002,4.9211999999999998,8.5180000000000006E-2
56.4,-0.35210000000000002,4.9504000000000001,8.5129999999999997E-2
56.5,-0.35210000000000002,4.9795999999999996,8.5070000000000007E-2
56.6,-0.35210000000000002,5.0087999999999999,8.5019999999999998E-2
56.7,-0.35210000000000002,5.0381,8.4970000000000004E-2
56.8,-0.35210000000000002,5.0673000000000004,8.4909999999999999E-2
56.9,-0.35210000000000002,5.0965999999999996,8.4860000000000005E-2
57,-0.35210000000000002,5.1258999999999997,8.4809999999999997E-2
57.1,-0.35210000000000002,5.1551,8.4750000000000006E-2
57.2,-0.35210000000000002,5.1844000000000001,8.4699999999999998E-2
57.3,-0.35210000000000002,5.2137000000000002,8.4650000000000003E-2
57.4,-0.35210000000000002,5.2428999999999997,8.4599999999999995E-2
57.5,-0.35210000000000002,5.2721,8.455E-2
57.6,-0.35210000000000002,5.3014000000000001,8.4489999999999996E-2
57.7,-0.35210000000000002,5.3305999999999996,8.4440000000000001E-2
57.8,-0.35210000000000002,5.3597999999999999,8.4390000000000007E-2
57.9,-0.35210000000000002,5.3888999999999996,8.4339999999999998E-2
58,-0.35210000000000002,5.4180000000000001,8.43E-2
58.1,-0.35210000000000002,5.4470999999999998,8.4250000000000005E-2
58.2,-0.35210000000000002,5.4762000000000004,8.4199999999999997E-2
58.3,-0.35210000000000002,5.5053000000000001,8.4150000000000003E-2
58.4,-0.35210000000000002,5.5343,8.4099999999999994E-2
58.5,-0.35210000000000002,5.5632000000000001,8.4059999999999996E-2
58.6,-0.35210000000000002,5.5922000000000001,8.4010000000000001E-2
58.7,-0.35210000000000002,5.6210000000000004,8.3970000000000003E-2
58.8,-0.35210000000000002,5.6498999999999997,8.3919999999999995E-2
58.9,-0.35210000000000002,5.6787000000000001,8.3879999999999996E-2
59,-0.35210000000000002,5.7073999999999998,8.3830000000000002E-2
59.1,-0.35210000000000002,5.7361000000000004,8.3790000000000003E-2
59.2,-0.35210000000000002,5.7647000000000004,8.3750000000000005E-2
59.3,-0.35210000000000002,5.7933000000000003,8.3699999999999997E-2
59.4,-0.35210000000000002,5.8216999999999999,8.3659999999999998E-2
59.5,-0.35210000000000002,5.8501000000000003,8.362E-2
59.6,-0.35210000000000002,5.8784000000000001,8.3580000000000002E-2
59.7,-0.35210000000000002,5.9066999999999998,8.3540000000000003E-2
59.8,-0.35210000000000002,5.9348000000000001,8.3500000000000005E-2
59.9,-0.35210000000000002,5.9627999999999997,8.3460000000000006E-2
60,-0.35210000000000002,5.9907000000000004,8.3419999999999994E-2
60.1,-0.35210000000000002,6.0185000000000004,8.3390000000000006E-2
60.2,-0.35210000000000002,6.0461,8.3349999999999994E-2
60.3,-0.35210000000000002,6.0736999999999997,8.3309999999999995E-2
60.4,-0.35210000000000002,6.1010999999999997,8.3280000000000007E-2
60.5,-0.35210000000000002,6.1284000000000001,8.3239999999999995E-2
60.6,-0.35210000000000002,6.1555999999999997,8.3210000000000006E-2
60.7,-0.35210000000000002,6.1826999999999996,8.3169999999999994E-2
60.8,-0.35210000000000002,6.2096,8.3140000000000006E-2
60.9,-0.35210000000000002,6.2365000000000004,8.3110000000000003E-2
61,-0.35210000000000002,6.2632000000000003,8.3080000000000001E-2
61.1,-0.35210000000000002,6.2899000000000003,8.3040000000000003E-2
61.2,-0.35210000000000002,6.3163999999999998,8.301E-2
61.3,-0.35210000000000002,6.3428000000000004,8.2979999999999998E-2
61.4,-0.35210000000000002,6.3692000000000002,8.2949999999999996E-2
61.5,-0.35210000000000002,6.3954000000000004,8.2919999999999994E-2
61.6,-0.35210000000000002,6.4215,8.2900000000000001E-2
61.7,-0.35210000000000002,6.4474999999999998,8.2869999999999999E-2
61.8,-0.35210000000000002,6.4734999999999996,8.2839999999999997E-2
61.9,-0.35210000000000002,6.4992999999999999,8.2809999999999995E-2
62,-0.35210000000000002,6.5251000000000001,8.2790000000000002E-2
62.1,-0.35210000000000002,6.5507999999999997,8.276E-2
62.2,-0.35210000000000002,6.5763999999999996,8.2729999999999998E-2
62.3,-0.35210000000000002,6.6018999999999997,8.2710000000000006E-2
62.4,-0.35210000000000002,6.6273,8.2680000000000003E-2
62.5,-0.35210000000000002,6.6527000000000003,8.2659999999999997E-2
62.6,-0.35210000000000002,6.6779999999999999,8.2640000000000005E-2
62.7,-0.35210000000000002,6.7032999999999996,8.2610000000000003E-2
62.8,-0.35210000000000002,6.7283999999999997,8.2589999999999997E-2
62.9,-0.35210000000000002,6.7534999999999998,8.2570000000000005E-2
63,-0.35210000000000002,6.7786,8.2549999999999998E-2
63.1,-0.35210000000000002,6.8034999999999997,8.2530000000000006E-2
63.2,-0.35210000000000002,6.8285,8.251E-2
63.3,-0.35210000000000002,6.8532999999999999,8.2489999999999994E-2
63.4,-0.35210000000000002,6.8780999999999999,8.2470000000000002E-2
63.5,-0.35210000000000002,6.9028,8.2449999999999996E-2
63.6,-0.35210000000000002,6.9275000000000002,8.2430000000000003E-2
63.7,-0.35210000000000002,6.9520999999999997,8.2409999999999997E-2
63.8,-0.35210000000000002,6.9766000000000004,8.2400000000000001E-2
63.9,-0.35210000000000002,7.0011000000000001,8.2379999999999995E-2
64,-0.35210000000000002,7.0255000000000001,8.2360000000000003E-2
64.099999999999994,-0.35210000000000002,7.0499000000000001,8.2350000000000007E-2
64.2,-0.35210000000000002,7.0742000000000003,8.233E-2
64.3,-0.35210000000000002,7.0983999999999998,8.2320000000000004E-2
64.400000000000006,-0.35210000000000002,7.1226000000000003,8.2299999999999998E-2
64.5,-0.35210000000000002,7.1467000000000001,8.2290000000000002E-2
64.599999999999994,-0.35210000000000002,7.1707999999999998,8.2280000000000006E-2
64.7,-0.35210000000000002,7.1947999999999999,8.2269999999999996E-2
64.8,-0.35210000000000002,7.2187999999999999,8.2250000000000004E-2
64.900000000000006,-0.35210000000000002,7.2427000000000001,8.2239999999999994E-2
65,-0.35210000000000002,7.2666000000000004,8.2229999999999998E-2
65.099999999999994,-0.35210000000000002,7.2904999999999998,8.2220000000000001E-2
65.2,-0.35210000000000002,7.3143000000000002,8.2210000000000005E-2
65.3,-0.35210000000000002,7.3380000000000001,8.2199999999999995E-2
65.400000000000006,-0.35210000000000002,7.3616999999999999,8.2189999999999999E-2
65.5,-0.35210000000000002,7.3853999999999997,8.2180000000000003E-2
65.599999999999994,-0.35210000000000002,7.4090999999999996,8.2180000000000003E-2
65.7,-0.35210000000000002,7.4326999999999996,8.2170000000000007E-2
65.8,-0.35210000000000002,7.4562999999999997,8.2159999999999997E-2
65.900000000000006,-0.35210000000000002,7.4798999999999998,8.2159999999999997E-2
66,-0.35210000000000002,7.5034000000000001,8.2150000000000001E-2
66.099999999999994,-0.35210000000000002,7.5269000000000004,8.2140000000000005E-2
66.2,-0.35210000000000002,7.5503999999999998,8.2140000000000005E-2
66.3,-0.35210000000000002,7.5738000000000003,8.2140000000000005E-2
66.400000000000006,-0.35210000000000002,7.5972999999999997,8.2129999999999995E-2
66.5,-0.35210000000000002,7.6205999999999996,8.2129999999999995E-2
66.599999999999994,-0.35210000000000002,7.6440000000000001,8.2129999999999995E-2
66.7,-0.35210000000000002,7.6673,8.2119999999999999E-2
66.8,-0.35210000000000002,7.6905999999999999,8.2119999999999999E-2
66.900000000000006,-0.35210000000000002,7.7138,8.2119999999999999E-2
67,-0.35210000000000002,7.7370000000000001,8.2119999999999999E-2
67.099999999999994,-0.35210000000000002,7.7602000000000002,8.2119999999999999E-2
67.2,-0.35210000000000002,7.7834000000000003,8.2119999999999999E-2
67.3,-0.35210000000000002,7.8064999999999998,8.2119999999999999E-2
67.400000000000006,-0.35210000000000002,7.8296000000000001,8.2119999999999999E-2
67.5,-0.35210000000000002,7.8525999999999998,8.2119999999999999E-2
67.599999999999994,-0.35210000000000002,7.8757000000000001,8.2119999999999999E-2
67.7,-0.35210000000000002,7.8986000000000001,8.2129999999999995E-2
67.8,-0.35210000000000002,7.9215999999999998,8.2129999999999995E-2
67.900000000000006,-0.35210000000000002,7.9444999999999997,8.2129999999999995E-2
68,-0.35210000000000002,7.9673999999999996,8.2140000000000005E-2
68.099999999999994,-0.35210000000000002,7.9903000000000004,8.2140000000000005E-2
68.2,-0.35210000000000002,8.0131999999999994,8.2140000000000005E-2
68.3,-0.35210000000000002,8.0359999999999996,8.2150000000000001E-2
68.400000000000006,-0.35210000000000002,8.0587999999999997,8.2150000000000001E-2
68.5,-0.35210000000000002,8.0815999999999999,8.2159999999999997E-2
68.599999999999994,-0.35210000000000002,8.1044,8.2170000000000007E-2
68.7,-0.35210000000000002,8.1272000000000002,8.2170000000000007E-2
68.8,-0.35210000000000002,8.15,8.2180000000000003E-2
68.900000000000006,-0.35210000000000002,8.1727000000000007,8.2189999999999999E-2
69,-0.35210000000000002,8.1954999999999991,8.2189999999999999E-2
69.099999999999994,-0.35210000000000002,8.2182999999999993,8.2199999999999995E-2
69.2,-0.35210000000000002,8.2409999999999997,8.2210000000000005E-2
69.3,-0.35210000000000002,8.2637999999999998,8.2220000000000001E-2
69.400000000000006,-0.35210000000000002,8.2865000000000002,8.2229999999999998E-2
69.5,-0.35210000000000002,8.3092000000000006,8.2239999999999994E-2
69.599999999999994,-0.35210000000000002,8.3320000000000007,8.2250000000000004E-2
69.7,-0.35210000000000002,8.3546999999999993,8.226E-2
69.8,-0.35210000000000002,8.3773999999999997,8.2269999999999996E-2
69.900000000000006,-0.35210000000000002,8.4001000000000001,8.2280000000000006E-2
70,-0.35210000000000002,8.4227000000000007,8.2290000000000002E-2
70.099999999999994,-0.35210000000000002,8.4453999999999994,8.2299999999999998E-2
70.2,-0.35210000000000002,8.468,8.2309999999999994E-2
70.3,-0.35210000000000002,8.4906000000000006,8.2320000000000004E-2
70.400000000000006,-0.35210000000000002,8.5131999999999994,8.233E-2
70.5,-0.35210000000000002,8.5358000000000001,8.2350000000000007E-2
70.599999999999994,-0.35210000000000002,8.5582999999999991,8.2360000000000003E-2
70.7,-0.35210000000000002,8.5808,8.2369999999999999E-2
70.8,-0.35210000000000002,8.6031999999999993,8.2379999999999995E-2
70.900000000000006,-0.35210000000000002,8.6257000000000001,8.2400000000000001E-2
71,-0.35210000000000002,8.6479999999999997,8.2409999999999997E-2
71.099999999999994,-0.35210000000000002,8.6704000000000008,8.2419999999999993E-2
71.2,-0.35210000000000002,8.6927000000000003,8.2430000000000003E-2
71.3,-0.35210000000000002,8.7149999999999999,8.2449999999999996E-2
71.400000000000006,-0.35210000000000002,8.7371999999999996,8.2460000000000006E-2
71.5,-0.35210000000000002,8.7593999999999994,8.2479999999999998E-2
71.599999999999994,-0.35210000000000002,8.7814999999999994,8.2489999999999994E-2
71.7,-0.35210000000000002,8.8035999999999994,8.2500000000000004E-2
71.8,-0.35210000000000002,8.8256999999999994,8.2519999999999996E-2
71.900000000000006,-0.35210000000000002,8.8476999999999997,8.2530000000000006E-2
72,-0.35210000000000002,8.8696999999999999,8.2540000000000002E-2
72.099999999999994,-0.35210000000000002,8.8916000000000004,8.2559999999999995E-2
72.2,-0.35210000000000002,8.9135000000000009,8.2570000000000005E-2
72.3,-0.35210000000000002,8.9352999999999998,8.2589999999999997E-2
72.400000000000006,-0.35210000000000002,8.9571000000000005,8.2600000000000007E-2
72.5,-0.35210000000000002,8.9787999999999997,8.2619999999999999E-2
72.599999999999994,-0.35210000000000002,9.0005000000000006,8.2629999999999995E-2
72.7,-0.35210000000000002,9.0221,8.2640000000000005E-2
72.8,-0.35210000000000002,9.0435999999999996,8.2659999999999997E-2
72.900000000000006,-0.35210000000000002,9.0650999999999993,8.2669999999999993E-2
73,-0.35210000000000002,9.0864999999999991,8.269E-2
73.099999999999994,-0.35210000000000002,9.1079000000000008,8.2699999999999996E-2
73.2,-0.35210000000000002,9.1292000000000009,8.2720000000000002E-2
73.3,-0.35210000000000002,9.1503999999999994,8.2729999999999998E-2
73.400000000000006,-0.35210000000000002,9.1715999999999998,8.2739999999999994E-2
73.5,-0.35210000000000002,9.1927000000000003,8.276E-2
73.599999999999994,-0.35210000000000002,9.2136999999999993,8.2769999999999996E-2
73.7,-0.35210000000000002,9.2347000000000001,8.2780000000000006E-2
73.8,-0.35210000000000002,9.2556999999999992,8.2799999999999999E-2
73.900000000000006,-0.35210000000000002,9.2766000000000002,8.2809999999999995E-2
74,-0.35210000000000002,9.2973999999999997,8.2830000000000001E-2
74.099999999999994,-0.35210000000000002,9.3181999999999992,8.2839999999999997E-2
74.2,-0.35210000000000002,9.3390000000000004,8.2849999999999993E-2
74.3,-0.35210000000000002,9.3597000000000001,8.2869999999999999E-2
74.400000000000006,-0.35210000000000002,9.3803000000000001,8.2879999999999995E-2
74.5,-0.35210000000000002,9.4009999999999998,8.2890000000000005E-2
74.599999999999994,-0.35210000000000002,9.4215,8.2900000000000001E-2
74.7,-0.35210000000000002,9.4420000000000002,8.2919999999999994E-2
74.8,-0.35210000000000002,9.4625000000000004,8.2930000000000004E-2
74.900000000000006,-0.35210000000000002,9.4829000000000008,8.294E-2
75,-0.35210000000000002,9.5031999999999996,8.2949999999999996E-2
75.099999999999994,-0.35210000000000002,9.5235000000000003,8.2970000000000002E-2
75.2,-0.35210000000000002,9.5437999999999992,8.2979999999999998E-2
75.3,-0.35210000000000002,9.5639000000000003,8.2989999999999994E-2
75.400000000000006,-0.35210000000000002,9.5840999999999994,8.3000000000000004E-2
75.5,-0.35210000000000002,9.6041000000000007,8.301E-2
75.599999999999994,-0.35210000000000002,9.6241000000000003,8.3019999999999997E-2
75.7,-0.35210000000000002,9.6440000000000001,8.3030000000000007E-2
75.8,-0.35210000000000002,9.6638999999999999,8.3049999999999999E-2
75.900000000000006,-0.35210000000000002,9.6836000000000002,8.3059999999999995E-2
76,-0.35210000000000002,9.7033000000000005,8.3070000000000005E-2
76.099999999999994,-0.35210000000000002,9.7230000000000008,8.3070000000000005E-2
76.2,-0.35210000000000002,9.7424999999999997,8.3080000000000001E-2
76.3,-0.35210000000000002,9.7620000000000005,8.3089999999999997E-2
76.400000000000006,-0.35210000000000002,9.7813999999999997,8.3099999999999993E-2
76.5,-0.35210000000000002,9.8007000000000009,8.3110000000000003E-2
76.599999999999994,-0.35210000000000002,9.82,8.3119999999999999E-2
76.7,-0.35210000000000002,9.8391999999999999,8.3119999999999999E-2
76.8,-0.35210000000000002,9.8582999999999998,8.3129999999999996E-2
76.900000000000006,-0.35210000000000002,9.8773,8.3140000000000006E-2
77,-0.35210000000000002,9.8963000000000001,8.3140000000000006E-2
77.099999999999994,-0.35210000000000002,9.9152000000000005,8.3150000000000002E-2
77.2,-0.35210000000000002,9.9341000000000008,8.3150000000000002E-2
77.3,-0.35210000000000002,9.9527999999999999,8.3159999999999998E-2
77.400000000000006,-0.35210000000000002,9.9716000000000005,8.3159999999999998E-2
77.5,-0.35210000000000002,9.9901999999999997,8.3169999999999994E-2
77.599999999999994,-0.35210000000000002,10.008800000000001,8.3169999999999994E-2
77.7,-0.35210000000000002,10.0274,8.3169999999999994E-2
77.8,-0.35210000000000002,10.0459,8.3180000000000004E-2
77.900000000000006,-0.35210000000000002,10.064299999999999,8.3180000000000004E-2
78,-0.35210000000000002,10.082700000000001,8.3180000000000004E-2
78.099999999999994,-0.35210000000000002,10.101100000000001,8.3180000000000004E-2
78.2,-0.35210000000000002,10.119400000000001,8.3180000000000004E-2
78.3,-0.35210000000000002,10.137700000000001,8.3180000000000004E-2
78.400000000000006,-0.35210000000000002,10.155900000000001,8.3180000000000004E-2
78.5,-0.35210000000000002,10.174099999999999,8.3180000000000004E-2
78.599999999999994,-0.35210000000000002,10.192299999999999,8.3169999999999994E-2
78.7,-0.35210000000000002,10.2105,8.3169999999999994E-2
78.8,-0.35210000000000002,10.2286,8.3169999999999994E-2
78.900000000000006,-0.35210000000000002,10.2468,8.3159999999999998E-2
79,-0.35210000000000002,10.264900000000001,8.3159999999999998E-2
79.099999999999994,-0.35210000000000002,10.283099999999999,8.3150000000000002E-2
79.2,-0.35210000000000002,10.3012,8.3150000000000002E-2
79.3,-0.35210000000000002,10.3194,8.3140000000000006E-2
79.400000000000006,-0.35210000000000002,10.3376,8.3129999999999996E-2
79.5,-0.35210000000000002,10.3558,8.3129999999999996E-2
79.599999999999994,-0.35210000000000002,10.3741,8.3119999999999999E-2
79.7,-0.35210000000000002,10.392300000000001,8.3110000000000003E-2
79.8,-0.35210000000000002,10.4107,8.3099999999999993E-2
79.900000000000006,-0.35210000000000002,10.4291,8.3089999999999997E-2
80,-0.35210000000000002,10.4475,8.3080000000000001E-2
80.099999999999994,-0.35210000000000002,10.465999999999999,8.3070000000000005E-2
80.2,-0.35210000000000002,10.484500000000001,8.3049999999999999E-2
80.3,-0.35210000000000002,10.5031,8.3040000000000003E-2
80.400000000000006,-0.35210000000000002,10.521699999999999,8.3030000000000007E-2
80.5,-0.35210000000000002,10.5405,8.301E-2
80.599999999999994,-0.35210000000000002,10.559200000000001,8.3000000000000004E-2
80.7,-0.35210000000000002,10.578099999999999,8.2979999999999998E-2
80.8,-0.35210000000000002,10.597,8.2970000000000002E-2
80.900000000000006,-0.35210000000000002,10.616099999999999,8.2949999999999996E-2
81,-0.35210000000000002,10.635199999999999,8.2930000000000004E-2
81.099999999999994,-0.35210000000000002,10.654400000000001,8.2909999999999998E-2
81.2,-0.35210000000000002,10.6737,8.2900000000000001E-2
81.3,-0.35210000000000002,10.693099999999999,8.2879999999999995E-2
81.400000000000006,-0.35210000000000002,10.7126,8.2860000000000003E-2
81.5,-0.35210000000000002,10.732200000000001,8.2839999999999997E-2
81.599999999999994,-0.35210000000000002,10.752000000000001,8.2820000000000005E-2
81.7,-0.35210000000000002,10.771800000000001,8.2790000000000002E-2
81.8,-0.35210000000000002,10.7918,8.2769999999999996E-2
81.900000000000006,-0.35210000000000002,10.8119,8.2750000000000004E-2
82,-0.35210000000000002,10.832100000000001,8.2729999999999998E-2
82.1,-0.35210000000000002,10.852399999999999,8.2699999999999996E-2
82.2,-0.35210000000000002,10.8728,8.2680000000000003E-2
82.3,-0.35210000000000002,10.8934,8.2650000000000001E-2
82.4,-0.35210000000000002,10.914199999999999,8.2629999999999995E-2
82.5,-0.35210000000000002,10.935,8.2600000000000007E-2
82.6,-0.35210000000000002,10.956,8.2580000000000001E-2
82.7,-0.35210000000000002,10.9772,8.2549999999999998E-2
82.8,-0.35210000000000002,10.9985,8.2519999999999996E-2
82.9,-0.35210000000000002,11.0199,8.2489999999999994E-2
83,-0.35210000000000002,11.041499999999999,8.2460000000000006E-2
83.1,-0.35210000000000002,11.0632,8.2439999999999999E-2
83.2,-0.35210000000000002,11.085100000000001,8.2409999999999997E-2
83.3,-0.35210000000000002,11.107100000000001,8.2379999999999995E-2
83.4,-0.35210000000000002,11.129300000000001,8.2350000000000007E-2
83.5,-0.35210000000000002,11.1516,8.2309999999999994E-2
83.6,-0.35210000000000002,11.173999999999999,8.2280000000000006E-2
83.7,-0.35210000000000002,11.1966,8.2250000000000004E-2
83.8,-0.35210000000000002,11.2193,8.2220000000000001E-2
83.9,-0.35210000000000002,11.2422,8.2189999999999999E-2
84,-0.35210000000000002,11.2651,8.2150000000000001E-2
84.1,-0.35210000000000002,11.2882,8.2119999999999999E-2
84.2,-0.35210000000000002,11.311400000000001,8.2089999999999996E-2
84.3,-0.35210000000000002,11.3347,8.2049999999999998E-2
84.4,-0.35210000000000002,11.3581,8.2019999999999996E-2
84.5,-0.35210000000000002,11.3817,8.1979999999999997E-2
84.6,-0.35210000000000002,11.4053,8.1949999999999995E-2
84.7,-0.35210000000000002,11.429,8.1909999999999997E-2
84.8,-0.35210000000000002,11.4529,8.1879999999999994E-2
84.9,-0.35210000000000002,11.476800000000001,8.1839999999999996E-2
85,-0.35210000000000002,11.5007,8.1809999999999994E-2
85.1,-0.35210000000000002,11.524800000000001,8.1769999999999995E-2
85.2,-0.35210000000000002,11.548999999999999,8.1739999999999993E-2
85.3,-0.35210000000000002,11.5732,8.1699999999999995E-2
85.4,-0.35210000000000002,11.5975,8.1659999999999996E-2
85.5,-0.35210000000000002,11.6218,8.1629999999999994E-2
85.6,-0.35210000000000002,11.6462,8.1589999999999996E-2
85.7,-0.35210000000000002,11.6707,8.1559999999999994E-2
85.8,-0.35210000000000002,11.6952,8.1519999999999995E-2
85.9,-0.35210000000000002,11.719799999999999,8.1479999999999997E-2
86,-0.35210000000000002,11.744400000000001,8.1449999999999995E-2
86.1,-0.35210000000000002,11.769,8.1409999999999996E-2
86.2,-0.35210000000000002,11.793699999999999,8.1379999999999994E-2
86.3,-0.35210000000000002,11.8184,8.1339999999999996E-2
86.4,-0.35210000000000002,11.8431,8.1309999999999993E-2
86.5,-0.35210000000000002,11.867800000000001,8.1280000000000005E-2
86.6,-0.35210000000000002,11.8926,8.1240000000000007E-2
86.7,-0.35210000000000002,11.917299999999999,8.1210000000000004E-2
86.8,-0.35210000000000002,11.9421,8.1180000000000002E-2
86.9,-0.35210000000000002,11.966799999999999,8.1140000000000004E-2
87,-0.35210000000000002,11.9916,8.1110000000000002E-2
87.1,-0.35210000000000002,12.016299999999999,8.1079999999999999E-2
87.2,-0.35210000000000002,12.0411,8.1049999999999997E-2
87.3,-0.35210000000000002,12.065799999999999,8.1019999999999995E-2
87.4,-0.35210000000000002,12.0905,8.0990000000000006E-2
87.5,-0.35210000000000002,12.1152,8.0960000000000004E-2
87.6,-0.35210000000000002,12.139799999999999,8.0930000000000002E-2
87.7,-0.35210000000000002,12.1645,8.09E-2
87.8,-0.35210000000000002,12.1891,8.0869999999999997E-2
87.9,-0.35210000000000002,12.2136,8.0839999999999995E-2
88,-0.35210000000000002,12.238200000000001,8.0820000000000003E-2
88.1,-0.35210000000000002,12.262700000000001,8.0790000000000001E-2
88.2,-0.35210000000000002,12.287100000000001,8.0759999999999998E-2
88.3,-0.35210000000000002,12.3116,8.0740000000000006E-2
88.4,-0.35210000000000002,12.336,8.0710000000000004E-2
88.5,-0.35210000000000002,12.360300000000001,8.0689999999999998E-2
88.6,-0.35210000000000002,12.384600000000001,8.0670000000000006E-2
88.7,-0.35210000000000002,12.408899999999999,8.0640000000000003E-2
88.8,-0.35210000000000002,12.433199999999999,8.0619999999999997E-2
88.9,-0.35210000000000002,12.4574,8.0600000000000005E-2
89,-0.35210000000000002,12.4815,8.0579999999999999E-2
89.1,-0.35210000000000002,12.505699999999999,8.0560000000000007E-2
89.2,-0.35210000000000002,12.5298,8.054E-2
89.3,-0.35210000000000002,12.553800000000001,8.0519999999999994E-2
89.4,-0.35210000000000002,12.5778,8.0500000000000002E-2
89.5,-0.35210000000000002,12.601699999999999,8.0479999999999996E-2
89.6,-0.35210000000000002,12.6257,8.047E-2
89.7,-0.35210000000000002,12.6495,8.0449999999999994E-2
89.8,-0.35210000000000002,12.673400000000001,8.0439999999999998E-2
89.9,-0.35210000000000002,12.6972,8.0420000000000005E-2
90,-0.35210000000000002,12.7209,8.0409999999999995E-2
90.1,-0.35210000000000002,12.7446,8.0390000000000003E-2
90.2,-0.35210000000000002,12.7683,8.0379999999999993E-2
90.3,-0.35210000000000002,12.792,8.0369999999999997E-2
90.4,-0.35210000000000002,12.8156,8.0350000000000005E-2
90.5,-0.35210000000000002,12.8392,8.0339999999999995E-2
90.6,-0.35210000000000002,12.8628,8.0329999999999999E-2
90.7,-0.35210000000000002,12.8864,8.0320000000000003E-2
90.8,-0.35210000000000002,12.9099,8.0310000000000006E-2
90.9,-0.35210000000000002,12.933400000000001,8.0299999999999996E-2
91,-0.35210000000000002,12.956899999999999,8.0299999999999996E-2
91.1,-0.35210000000000002,12.980399999999999,8.029E-2
91.2,-0.35210000000000002,13.0038,8.0280000000000004E-2
91.3,-0.35210000000000002,13.0273,8.0269999999999994E-2
91.4,-0.35210000000000002,13.050700000000001,8.0269999999999994E-2
91.5,-0.35210000000000002,13.074199999999999,8.0259999999999998E-2
91.6,-0.35210000000000002,13.0976,8.0259999999999998E-2
91.7,-0.35210000000000002,13.120900000000001,8.0250000000000002E-2
91.8,-0.35210000000000002,13.144299999999999,8.0250000000000002E-2
91.9,-0.35210000000000002,13.1677,8.0250000000000002E-2
92,-0.35210000000000002,13.191000000000001,8.0250000000000002E-2
92.1,-0.35210000000000002,13.2143,8.0250000000000002E-2
92.2,-0.35210000000000002,13.2376,8.0240000000000006E-2
92.3,-0.35210000000000002,13.260899999999999,8.0240000000000006E-2
92.4,-0.35210000000000002,13.2842,8.0240000000000006E-2
92.5,-0.35210000000000002,13.307499999999999,8.0250000000000002E-2
92.6,-0.35210000000000002,13.3308,8.0250000000000002E-2
92.7,-0.35210000000000002,13.354100000000001,8.0250000000000002E-2
92.8,-0.35210000000000002,13.3773,8.0250000000000002E-2
92.9,-0.35210000000000002,13.400600000000001,8.0259999999999998E-2
93,-0.35210000000000002,13.4239,8.0259999999999998E-2
93.1,-0.35210000000000002,13.4472,8.0269999999999994E-2
93.2,-0.35210000000000002,13.470499999999999,8.0269999999999994E-2
93.3,-0.35210000000000002,13.4937,8.0280000000000004E-2
93.4,-0.35210000000000002,13.517099999999999,8.0280000000000004E-2
93.5,-0.35210000000000002,13.5404,8.029E-2
93.6,-0.35210000000000002,13.563700000000001,8.0299999999999996E-2
93.7,-0.35210000000000002,13.587,8.0310000000000006E-2
93.8,-0.35210000000000002,13.6104,8.0320000000000003E-2
93.9,-0.35210000000000002,13.633800000000001,8.0329999999999999E-2
94,-0.35210000000000002,13.6572,8.0339999999999995E-2
94.1,-0.35210000000000002,13.6806,8.0350000000000005E-2
94.2,-0.35210000000000002,13.7041,8.0360000000000001E-2
94.3,-0.35210000000000002,13.727499999999999,8.0369999999999997E-2
94.4,-0.35210000000000002,13.750999999999999,8.0379999999999993E-2
94.5,-0.35210000000000002,13.7746,8.0399999999999999E-2
94.6,-0.35210000000000002,13.7981,8.0409999999999995E-2
94.7,-0.35210000000000002,13.8217,8.0430000000000001E-2
94.8,-0.35210000000000002,13.8454,8.0439999999999998E-2
94.9,-0.35210000000000002,13.8691,8.0460000000000004E-2
95,-0.35210000000000002,13.892799999999999,8.047E-2
95.1,-0.35210000000000002,13.916499999999999,8.0490000000000006E-2
95.2,-0.35210000000000002,13.940300000000001,8.0509999999999998E-2
95.3,-0.35210000000000002,13.9642,8.0519999999999994E-2
95.4,-0.35210000000000002,13.988099999999999,8.054E-2
95.5,-0.35210000000000002,14.012,8.0560000000000007E-2
95.6,-0.35210000000000002,14.036,8.0579999999999999E-2
95.7,-0.35210000000000002,14.06,8.0600000000000005E-2
95.8,-0.35210000000000002,14.084099999999999,8.0619999999999997E-2
95.9,-0.35210000000000002,14.1083,8.0640000000000003E-2
96,-0.35210000000000002,14.1325,8.0670000000000006E-2
96.1,-0.35210000000000002,14.156700000000001,8.0689999999999998E-2
96.2,-0.35210000000000002,14.181100000000001,8.0710000000000004E-2
96.3,-0.35210000000000002,14.205500000000001,8.0729999999999996E-2
96.4,-0.35210000000000002,14.229900000000001,8.0759999999999998E-2
96.5,-0.35210000000000002,14.2544,8.0780000000000005E-2
96.6,-0.35210000000000002,14.279,8.0810000000000007E-2
96.7,-0.35210000000000002,14.303699999999999,8.0829999999999999E-2
96.8,-0.35210000000000002,14.3284,8.0860000000000001E-2
96.9,-0.35210000000000002,14.353300000000001,8.0890000000000004E-2
97,-0.35210000000000002,14.3782,8.0920000000000006E-2
97.1,-0.35210000000000002,14.4031,8.0939999999999998E-2
97.2,-0.35210000000000002,14.4282,8.097E-2
97.3,-0.35210000000000002,14.4533,8.1000000000000003E-2
97.4,-0.35210000000000002,14.4785,8.1030000000000005E-2
97.5,-0.35210000000000002,14.5038,8.1059999999999993E-2
97.6,-0.35210000000000002,14.529199999999999,8.1089999999999995E-2
97.7,-0.35210000000000002,14.5547,8.1119999999999998E-2
97.8,-0.35210000000000002,14.5802,8.1159999999999996E-2
97.9,-0.35210000000000002,14.6058,8.1189999999999998E-2
98,-0.35210000000000002,14.631600000000001,8.1220000000000001E-2
98.1,-0.35210000000000002,14.657400000000001,8.1250000000000003E-2
98.2,-0.35210000000000002,14.683199999999999,8.1290000000000001E-2
98.3,-0.35210000000000002,14.709199999999999,8.1320000000000003E-2
98.4,-0.35210000000000002,14.735300000000001,8.1360000000000002E-2
98.5,-0.35210000000000002,14.7614,8.1390000000000004E-2
98.6,-0.35210000000000002,14.787699999999999,8.1430000000000002E-2
98.7,-0.35210000000000002,14.814,8.1460000000000005E-2
98.8,-0.35210000000000002,14.840400000000001,8.1500000000000003E-2
98.9,-0.35210000000000002,14.866899999999999,8.1540000000000001E-2
99,-0.35210000000000002,14.8934,8.1570000000000004E-2
99.1,-0.35210000000000002,14.9201,8.1610000000000002E-2
99.2,-0.35210000000000002,14.9468,8.165E-2
99.3,-0.35210000000000002,14.973599999999999,8.1689999999999999E-2
99.4,-0.35210000000000002,15.000500000000001,8.1729999999999997E-2
99.5,-0.35210000000000002,15.0275,8.1769999999999995E-2
99.6,-0.35210000000000002,15.054600000000001,8.1809999999999994E-2
99.7,-0.35210000000000002,15.081799999999999,8.1850000000000006E-2
99.8,-0.35210000000000002,15.109,8.1890000000000004E-2
99.9,-0.35210000000000002,15.1363,8.1939999999999999E-2
100,-0.35210000000000002,15.1637,8.1979999999999997E-2
100.1,-0.35210000000000002,15.1912,8.2019999999999996E-2
100.2,-0.35210000000000002,15.2187,8.2059999999999994E-2
100.3,-0.35210000000000002,15.2463,8.2110000000000002E-2
100.4,-0.35210000000000002,15.273999999999999,8.2150000000000001E-2
100.5,-0.35210000000000002,15.3018,8.2199999999999995E-2
100.6,-0.35210000000000002,15.329700000000001,8.2239999999999994E-2
100.7,-0.35210000000000002,15.3576,8.2290000000000002E-2
100.8,-0.35210000000000002,15.3856,8.233E-2
100.9,-0.35210000000000002,15.4137,8.2379999999999995E-2
101,-0.35210000000000002,15.4419,8.2430000000000003E-2
101.1,-0.35210000000000002,15.4701,8.2470000000000002E-2
101.2,-0.35210000000000002,15.4985,8.2519999999999996E-2
101.3,-0.35210000000000002,15.5268,8.2570000000000005E-2
101.4,-0.35210000000000002,15.555300000000001,8.2619999999999999E-2
101.5,-0.35210000000000002,15.5838,8.2669999999999993E-2
101.6,-0.35210000000000002,15.612500000000001,8.2720000000000002E-2
101.7,-0.35210000000000002,15.6412,8.2769999999999996E-2
101.8,-0.35210000000000002,15.6699,8.2809999999999995E-2
101.9,-0.35210000000000002,15.698700000000001,8.2869999999999999E-2
102,-0.35210000000000002,15.727600000000001,8.2919999999999994E-2
102.1,-0.35210000000000002,15.756600000000001,8.2970000000000002E-2
102.2,-0.35210000000000002,15.7857,8.3019999999999997E-2
102.3,-0.35210000000000002,15.8148,8.3070000000000005E-2
102.4,-0.35210000000000002,15.843999999999999,8.3119999999999999E-2
102.5,-0.35210000000000002,15.873200000000001,8.3169999999999994E-2
102.6,-0.35210000000000002,15.9026,8.3220000000000002E-2
102.7,-0.35210000000000002,15.932,8.3280000000000007E-2
102.8,-0.35210000000000002,15.961499999999999,8.3330000000000001E-2
102.9,-0.35210000000000002,15.991,8.3379999999999996E-2
103,-0.35210000000000002,16.020600000000002,8.3430000000000004E-2
103.1,-0.35210000000000002,16.0503,8.3489999999999995E-2
103.2,-0.35210000000000002,16.080100000000002,8.3540000000000003E-2
103.3,-0.35210000000000002,16.1099,8.3589999999999998E-2
103.4,-0.35210000000000002,16.139800000000001,8.3650000000000002E-2
103.5,-0.35210000000000002,16.169699999999999,8.3699999999999997E-2
103.6,-0.35210000000000002,16.1997,8.3760000000000001E-2
103.7,-0.35210000000000002,16.229800000000001,8.3809999999999996E-2
103.8,-0.35210000000000002,16.260000000000002,8.3860000000000004E-2
103.9,-0.35210000000000002,16.290199999999999,8.3919999999999995E-2
104,-0.35210000000000002,16.320399999999999,8.3970000000000003E-2
104.1,-0.35210000000000002,16.3508,8.4029999999999994E-2
104.2,-0.35210000000000002,16.3812,8.4080000000000002E-2
104.3,-0.35210000000000002,16.4117,8.4140000000000006E-2
104.4,-0.35210000000000002,16.4422,8.4190000000000001E-2
104.5,-0.35210000000000002,16.472799999999999,8.4250000000000005E-2
104.6,-0.35210000000000002,16.503499999999999,8.4309999999999996E-2
104.7,-0.35210000000000002,16.534199999999998,8.4360000000000004E-2
104.8,-0.35210000000000002,16.565000000000001,8.4419999999999995E-2
104.9,-0.35210000000000002,16.5959,8.4470000000000003E-2
105,-0.35210000000000002,16.626799999999999,8.4529999999999994E-2
105.1,-0.35210000000000002,16.657900000000001,8.4580000000000002E-2
105.2,-0.35210000000000002,16.6889,8.4640000000000007E-2
105.3,-0.35210000000000002,16.720099999999999,8.4699999999999998E-2
105.4,-0.35210000000000002,16.751300000000001,8.4750000000000006E-2
105.5,-0.35210000000000002,16.782599999999999,8.4809999999999997E-2
105.6,-0.35210000000000002,16.8139,8.4870000000000001E-2
105.7,-0.35210000000000002,16.845400000000001,8.4930000000000005E-2
105.8,-0.35210000000000002,16.876899999999999,8.498E-2
105.9,-0.35210000000000002,16.9084,8.5040000000000004E-2
106,-0.35210000000000002,16.940100000000001,8.5099999999999995E-2
106.1,-0.35210000000000002,16.971800000000002,8.516E-2
106.2,-0.35210000000000002,17.003599999999999,8.5209999999999994E-2
106.3,-0.35210000000000002,17.035499999999999,8.5269999999999999E-2
106.4,-0.35210000000000002,17.067399999999999,8.5330000000000003E-2
106.5,-0.35210000000000002,17.099499999999999,8.5389999999999994E-2
106.6,-0.35210000000000002,17.131599999999999,8.5449999999999998E-2
106.7,-0.35210000000000002,17.163699999999999,8.5510000000000003E-2
106.8,-0.35210000000000002,17.196000000000002,8.5569999999999993E-2
106.9,-0.35210000000000002,17.228300000000001,8.5620000000000002E-2
107,-0.35210000000000002,17.2607,8.5680000000000006E-2
107.1,-0.35210000000000002,17.293099999999999,8.5739999999999997E-2
107.2,-0.35210000000000002,17.325600000000001,8.5800000000000001E-2
107.3,-0.35210000000000002,17.3582,8.5860000000000006E-2
107.4,-0.35210000000000002,17.390899999999998,8.5919999999999996E-2
107.5,-0.35210000000000002,17.4237,8.5989999999999997E-2
107.6,-0.35210000000000002,17.456499999999998,8.6050000000000001E-2
107.7,-0.35210000000000002,17.4894,8.6110000000000006E-2
107.8,-0.35210000000000002,17.522400000000001,8.6169999999999997E-2
107.9,-0.35210000000000002,17.555399999999999,8.6230000000000001E-2
108,-0.35210000000000002,17.5885,8.6290000000000006E-2
108.1,-0.35210000000000002,17.621700000000001,8.6349999999999996E-2
108.2,-0.35210000000000002,17.655000000000001,8.6410000000000001E-2
108.3,-0.35210000000000002,17.688400000000001,8.6480000000000001E-2
108.4,-0.35210000000000002,17.721800000000002,8.6540000000000006E-2
108.5,-0.35210000000000002,17.755299999999998,8.6599999999999996E-2
108.6,-0.35210000000000002,17.788900000000002,8.6660000000000001E-2
108.7,-0.35210000000000002,17.822600000000001,8.6730000000000002E-2
108.8,-0.35210000000000002,17.856400000000001,8.6790000000000006E-2
108.9,-0.35210000000000002,17.8903,8.6849999999999997E-2
109,-0.35210000000000002,17.924199999999999,8.6910000000000001E-2
109.1,-0.35210000000000002,17.958300000000001,8.6980000000000002E-2
109.2,-0.35210000000000002,17.9924,8.7040000000000006E-2
109.3,-0.35210000000000002,18.026700000000002,8.7099999999999997E-2
109.4,-0.35210000000000002,18.061,8.7169999999999997E-2
109.5,-0.35210000000000002,18.095400000000001,8.7230000000000002E-2
109.6,-0.35210000000000002,18.129899999999999,8.7300000000000003E-2
109.7,-0.35210000000000002,18.1645,8.7359999999999993E-2
109.8,-0.35210000000000002,18.199200000000001,8.7419999999999998E-2
109.9,-0.35210000000000002,18.234000000000002,8.7489999999999998E-2
110,-0.35210000000000002,18.268899999999999,8.7550000000000003E-2
